0.0,USD,"November 25, 2025",digital advertising campaign management and analytics reporting,Apex Marketing Group,finance@apexmktg.com | +1 (646) 221-9988
0.0,,,,Acme Corp,billing@acme.com
0.0,EUR,"November 18, 2025","consulting hours, competitive analysis reports, and executive presentations",InsightBridge Consulting,accounting@insightbridge.eu
0.0,EUR,"November 18, 2025","consulting hours, competitive analysis reports, and executive presentations",InsightBridge Consulting,accounting@insightbridge.eu
0.0,EUR,"November 18, 2025","consulting hours, competitive analysis reports, and executive presentations",InsightBridge Consulting,accounting@insightbridge.eu
0.0,EUR,"November 18, 2025","consulting hours, competitive analysis reports, and executive presentations",InsightBridge Consulting,accounting@insightbridge.eu
0.0,EUR,"November 18, 2025","consulting hours, competitive analysis reports, and executive presentations",InsightBridge Consulting,accounting@insightbridge.eu
12750 EUR,EUR,"November 18, 2025","consulting hours, competitive analysis reports, and executive presentations",InsightBridge Consulting,accounting@insightbridge.eu
"$5,320 USD",USD,"November 25, 2025",digital advertising campaign management and analytics reporting,Apex Marketing Group,finance@apexmktg.com
"$5,320 USD",USD,"November 25, 2025",digital advertising campaign management and analytics reporting,Apex Marketing Group,finance@apexmktg.com
